time,guest_nice,guest,steal,softirq,irq,user,system,nice,iowait
2020-10-08 17:34:47,0,0,0,0,0,2.020202,1.2626263,0,0
2020-10-08 17:34:46,0,0,0,0,0,1.763224,2.267003,0,0
2020-10-08 17:34:45,0,0,0,0,0,1.0050251,2.763819,0,0
2020-10-08 17:34:44,0,0,0,0,0,1.2594458,1.763224,0,0
2020-10-08 17:34:43,0,0,0,0,0,1.2626263,2.777778,0,0
2020-10-08 17:34:42,0,0,0,0,0,1.758794,1.758794,0,0
2020-10-08 17:34:41,0,0,0,0,0,1.010101,2.272727,0,0
2020-10-08 17:34:40,0,0,0,0,0,1.511335,2.267003,0,0
2020-10-08 17:34:39,0,0,0,0,0,0.5025126,2.512563,0,0
2020-10-08 17:34:38,0,0,0,0,0,1.767677,1.767677,0,0
2020-10-08 17:34:37,0,0,0,0,0,1.0126582,2.025316,0,0.2531646
2020-10-08 17:34:36,0,0,0,0,0,0.7575758,2.525253,0,0
2020-10-08 17:34:35,0,0,0,0,0,2.020202,2.020202,0,0
2020-10-08 17:34:34,0,0,0,0,0,2.005013,1.2531328,0,0
2020-10-08 17:34:33,0,0,0,0,0,1.511335,2.267003,0,0
2020-10-08 17:34:32,0,0,0,0,0,1.5189873,2.025316,0,0.2531646
2020-10-08 17:34:31,0,0,0,0,0,1.0075567,2.518892,0,0
2020-10-08 17:34:30,0,0,0,0,0,1.2594458,1.511335,0,0
2020-10-08 17:34:29,0,0,0,0,0,1.767677,1.5151515,0,0
2020-10-08 17:34:28,0,0,0,0,0,1.2755102,1.785714,0,0
2020-10-08 17:34:27,0,0,0,0,0,1.0126582,1.772152,0,0
2020-10-08 17:34:26,0,0,0,0,0,1.0050251,2.01005,0,0
2020-10-08 17:34:25,0,0,0,0,0,0.2525253,2.777778,0,0
2020-10-08 17:34:24,0,0,0,0,0,1.5228426,4.314721,0,0
2020-10-08 17:34:23,0,0,0,0,0,3,2.25,0,0
2020-10-08 17:34:22,0,0,0,0,0,1.2658228,2.025316,0,0
2020-10-08 17:34:21,0,0,0,0,0,1.745636,1.745636,0,0
2020-10-08 17:34:20,0,0,0,0,0,2.040816,1.5306122,0,0
2020-10-08 17:34:19,0,0,0,0,0,1.5306122,1.785714,0,0
2020-10-08 17:34:18,0,0,0,0,0,1.5267176,2.035623,0,0
2020-10-08 17:34:17,0,0,0,0,0,1.285347,2.056555,0,0
2020-10-08 17:34:16,0,0,0,0,0,3.553299,1.2690355,0,0
2020-10-08 17:34:15,0,0,0,0,0,1.772152,2.278481,0,0.2531646
2020-10-08 17:34:14,0,0,0,0,0,1.785714,2.040816,0,0
2020-10-08 17:34:13,0,0,0,0,0,4.3257,2.544529,0,0
2020-10-08 17:34:12,0,0,0,0,0,4.79798,2.272727,0,0
2020-10-08 17:34:11,0,0,0,1.5189873,0,5.822785,2.025316,0,0
2020-10-08 17:34:10,0,0,0,0.5063291,0,5.316456,2.531646,0,0
2020-10-08 17:34:09,0,0,0,0.2538071,0,2.538071,2.791878,0,0
2020-10-08 17:34:08,0,0,0,0,0,4.347826,2.813299,0,0
2020-10-08 17:34:07,0,0,0,0.7481297,0,5.735661,2.992519,0,0
2020-10-08 17:34:06,0,0,0,0.5089059,0,5.597964,2.035623,0,0
2020-10-08 17:34:05,0,0,0,0.5128205,0,5.897436,2.051282,0,0
2020-10-08 17:34:04,0,0,0,0.2564103,0,4.102564,2.051282,0,0
2020-10-08 17:34:03,0,0,0,0,0,4.040404,3.787879,0,0
2020-10-08 17:34:02,0,0,0,0,0,5.357143,2.55102,0,0
2020-10-08 17:34:01,0,0,0,0,0,5.11509,2.30179,0,0
2020-10-08 17:34:00,0,0,0,0.5102041,0,4.591837,2.040816,0,0.255102
2020-10-08 17:33:59,0,0,0,0,0,4.773869,2.512563,0,0
2020-10-08 17:33:58,0,0,0,0.2538071,0,5.329949,1.2690355,0,0
2020-10-08 17:33:57,0,0,0,0.2583979,0,5.426357,2.583979,0,0
2020-10-08 17:33:56,0,0,0,0.5037783,0,6.801008,1.763224,0,0
2020-10-08 17:33:55,0,0,0,0,0,4.3257,2.798982,0,0
2020-10-08 17:33:54,0,0,0,0.5128205,0,5.128205,2.051282,0,0
2020-10-08 17:33:53,0,0,0,0.7575758,0,2.272727,2.777778,0,0
2020-10-08 17:33:52,0,0,0,0.5141388,0,5.912596,0.7712082,0,0
2020-10-08 17:33:51,0,0,0,0,0,2.267003,2.770781,0,0
2020-10-08 17:33:50,0,0,0,0.5050505,0,5.808081,3.282828,0,0
2020-10-08 17:33:49,0,0,0,0,0,2.78481,2.78481,0,0.2531646
2020-10-08 17:33:48,0,0,0,0.2557545,0,4.347826,2.557545,0,0
2020-10-08 17:33:47,0,0,0,0,0,2.525253,3.282828,0,0
2020-10-08 17:33:46,0,0,0,0.2544529,0,5.343511,2.035623,0,0
2020-10-08 17:33:45,0,0,0,1.5151515,0,5.050505,2.272727,0,0
2020-10-08 17:33:44,0,0,0,0.2557545,0,5.370844,2.557545,0,0
2020-10-08 17:33:43,0,0,0,0.2525253,0,2.272727,1.767677,0,0
2020-10-08 17:33:42,0,0,0,0.5102041,0,4.336735,2.040816,0,0
2020-10-08 17:33:41,0,0,0,0.25,0,5.5,2.25,0,0
2020-10-08 17:33:40,0,0,0,0.2512563,0,2.763819,2.763819,0,0
2020-10-08 17:33:39,0,0,0,0.2538071,0,3.807107,1.5228426,0,0
2020-10-08 17:33:38,0,0,0,0.2525253,0,3.535354,2.272727,0,0
2020-10-08 17:33:37,0,0,0,0,0,2.244389,2.493766,0,0
2020-10-08 17:33:36,0,0,0,0.5076142,0,4.060914,3.045685,0,0
2020-10-08 17:33:35,0,0,0,0,0,4.040404,2.272727,0,0
2020-10-08 17:33:34,0,0,0,0.2544529,0,7.124682,1.5267176,0,0
2020-10-08 17:33:33,0,0,0,0.5050505,0,6.565657,2.272727,0,0
2020-10-08 17:33:32,0,0,0,0.5037783,0,5.037783,3.526448,0,0.2518892
2020-10-08 17:33:31,0,0,0,0,0,0.7575758,2.525253,0,0
2020-10-08 17:33:30,0,0,0,0.2557545,0,4.859335,2.30179,0,0
2020-10-08 17:33:29,0,0,0,0.2506266,0,6.015038,2.506266,0,0
2020-10-08 17:33:28,0,0,0,0.2544529,0,4.580153,2.290076,0,0
2020-10-08 17:33:27,0,0,0,0.2538071,0,5.076142,1.77665,0,0
2020-10-08 17:33:26,0,0,0,0,0,2.75,1.5,0,0
2020-10-08 17:33:25,0,0,0,0,0,1,2.25,0,0
2020-10-08 17:33:24,0,0,0,0,0,1.5151515,1.767677,0,0
2020-10-08 17:33:23,0,0,0,0,0,2.272727,2.525253,0,0
2020-10-08 17:33:22,0,0,0,0,0,2.756892,2.005013,0,0
2020-10-08 17:33:21,0,0,0,0,0,0.7556675,2.015113,0,0
2020-10-08 17:33:20,0,0,0,0,0,2.040816,1.5306122,0,0
2020-10-08 17:33:19,0,0,0,0,0,1.78117,1.78117,0,0
2020-10-08 17:33:18,0,0,0,0,0,2.030457,1.77665,0,0
2020-10-08 17:33:17,0,0,0,0.255102,0,1.0204082,2.040816,0,0
2020-10-08 17:33:16,0,0,0,0,0,0.7614213,2.284264,0,0
2020-10-08 17:33:15,0,0,0,0,0,2.025316,1.772152,0,0.2531646
2020-10-08 17:33:14,0,0,0,0,0,1.2658228,2.025316,0,0
2020-10-08 17:33:13,0,0,0,0,0,1.511335,2.518892,0,0
2020-10-08 17:33:12,0,0,0,0,0,2.244389,1.4962594,0,0
2020-10-08 17:33:11,0,0,0,0.2525253,0,1.767677,2.020202,0,0
2020-10-08 17:33:10,0,0,0,0,0,1.0126582,2.278481,0,0
2020-10-08 17:33:09,0,0,0,0,0,1.5151515,1.767677,0,0
2020-10-08 17:33:08,0,0,0,0,0,1.5075377,1.758794,0,0
2020-10-08 17:33:07,0,0,0,0,0,1.5037594,2.255639,0,0
2020-10-08 17:33:06,0,0,0,0,0,1.2626263,2.020202,0,0
2020-10-08 17:33:05,0,0,0,0,0,1.5189873,1.772152,0,0
2020-10-08 17:33:04,0,0,0,0,0,1.5037594,2.005013,0,0
2020-10-08 17:33:03,0,0,0,0,0,1.5267176,1.78117,0,0
2020-10-08 17:33:02,0,0,0,0,0,1.511335,2.015113,0,0
2020-10-08 17:33:01,0,0,0,0,0,2.290076,2.035623,0,0
2020-10-08 17:33:00,0,0,0,0,0,1.985112,2.48139,0,0
2020-10-08 17:32:59,0,0,0,0,0,1.754386,2.005013,0,0
2020-10-08 17:32:58,0,0,0,0,0,1.2626263,2.272727,0,0
2020-10-08 17:32:57,0,0,0,0,0,0.7518797,2.506266,0,0.2506266
2020-10-08 17:32:56,0,0,0,0,0,1.2531328,2.506266,0,0
2020-10-08 17:32:55,0,0,0,0,0,1.0152284,1.77665,0,0
2020-10-08 17:32:54,0,0,0,0,0,1.511335,1.763224,0,0
2020-10-08 17:32:53,0,0,0,0,0,1.741294,2.238806,0,0
2020-10-08 17:32:52,0,0,0,0,0,1.5306122,1.5306122,0,0
2020-10-08 17:32:51,0,0,0,0.2506266,0,1.2531328,3.007519,0,0
2020-10-08 17:32:50,0,0,0,0,0,1.5228426,1.5228426,0,0
2020-10-08 17:32:49,0,0,0,0,0,1.2562814,1.758794,0,0
2020-10-08 17:32:48,0,0,0,0,0,1.5228426,1.77665,0,0
2020-10-08 17:32:47,0,0,0,0,0,1.0075567,2.518892,0,0
2020-10-08 17:32:46,0,0,0,0,0,1.2658228,1.772152,0,0.2531646
2020-10-08 17:32:45,0,0,0,0,0,1.4962594,1.995012,0,0
2020-10-08 17:32:44,0,0,0,0,0,1.0152284,2.284264,0,0
2020-10-08 17:32:43,0,0,0,0,0,2.518892,2.015113,0,0
2020-10-08 17:32:42,0,0,0,0,0,2.005013,2.506266,0,0
2020-10-08 17:32:41,0,0,0,0,0,1.5037594,3.007519,0,0
2020-10-08 17:32:40,0,0,0,0,0,0.7614213,2.030457,0,0
2020-10-08 17:32:39,0,0,0,0,0,1.5151515,1.767677,0,0
2020-10-08 17:32:38,0,0,0,0,0,1.5151515,1.2626263,0,0
2020-10-08 17:32:37,0,0,0,0,0,1.2658228,1.772152,0,0
2020-10-08 17:32:36,0,0,0,0,0,1.5228426,1.5228426,0,0
2020-10-08 17:32:35,0,0,0,0,0,1.2594458,1.763224,0,0
2020-10-08 17:32:34,0,0,0,0,0,1.25,3,0,0.25
2020-10-08 17:32:33,0,0,0,0,0,2.506266,1.754386,0,0
2020-10-08 17:32:32,0,0,0,0,0,2.267003,1.763224,0,0
2020-10-08 17:32:31,0,0,0,0,0,1,2.25,0,0
2020-10-08 17:32:30,0,0,0,0,0,2.015113,2.518892,0,0
2020-10-08 17:32:29,0,0,0,0,0,1.5189873,1.5189873,0,0
2020-10-08 17:32:28,0,0,0,0,0,2.267003,1.511335,0,0
2020-10-08 17:32:27,0,0,0,0,0,0.7594937,2.278481,0,0
2020-10-08 17:32:26,0,0,0,0,0,1.763224,1.763224,0,0
2020-10-08 17:32:25,0,0,0,0,0,1.5,4.5,0,0
2020-10-08 17:32:24,0,0,0,0,0,1.0050251,2.261307,0,0
2020-10-08 17:32:23,0,0,0,0,0,2.512563,2.763819,0,0
2020-10-08 17:32:22,0,0,0,0,0,1.0075567,2.267003,0,0
2020-10-08 17:32:21,0,0,0,0,0,1.5037594,1.754386,0,0
2020-10-08 17:32:20,0,0,0,0,0,1.2755102,2.295918,0,0
2020-10-08 17:32:19,0,0,0,0.255102,0,1.2755102,2.806122,0,0
2020-10-08 17:32:18,0,0,0,0,0,2.295918,1.2755102,0,0
2020-10-08 17:32:17,0,0,0,0,0,1.2658228,2.025316,0,0
2020-10-08 17:32:16,0,0,0,0,0,1.0204082,2.295918,0,0.255102
2020-10-08 17:32:15,0,0,0,0,0,0.7633588,2.798982,0,0
2020-10-08 17:32:14,0,0,0,0,0,1.5075377,2.01005,0,0
2020-10-08 17:32:13,0,0,0,0,0,2.005013,2.255639,0,0
2020-10-08 17:32:12,0,0,0,0,0,1.5151515,1.767677,0,0
2020-10-08 17:32:11,0,0,0,0,0,1.25,2.25,0,0
2020-10-08 17:32:10,0,0,0,0,0,0.7556675,2.770781,0,0
2020-10-08 17:32:09,0,0,0,0,0,2.01005,1.758794,0,0
2020-10-08 17:32:08,0,0,0,0,0,1.5189873,2.278481,0,0
2020-10-08 17:32:07,0,0,0,0,0,1.0050251,2.763819,0,0
2020-10-08 17:32:06,0,0,0,0,0,0.75,2.25,0,0
2020-10-08 17:32:05,0,0,0,0.2512563,0,0.7537688,3.015075,0,0
2020-10-08 17:32:04,0,0,0,0,0,0.7575758,2.525253,0,0
2020-10-08 17:32:03,0,0,0,0,0,1.2531328,3.007519,0,0
2020-10-08 17:32:02,0,0,0,0,0,1.758794,1.758794,0,0
2020-10-08 17:32:01,0,0,0,0,0,2.01005,2.261307,0,0
2020-10-08 17:32:00,0,0,0,0,0,1.2594458,2.267003,0,0
2020-10-08 17:31:59,0,0,0,0,0,1.2594458,2.267003,0,0.2518892
2020-10-08 17:31:58,0,0,0,0,0,1.2626263,2.272727,0,0
2020-10-08 17:31:57,0,0,0,0,0,1.754386,2.255639,0,0
2020-10-08 17:31:56,0,0,0,0.2506266,0,3.007519,2.506266,0,0
2020-10-08 17:31:55,0,0,0,0,0,2.267003,2.267003,0,0
2020-10-08 17:31:54,0,0,0,0,0,1.995012,1.745636,0,0
2020-10-08 17:31:53,0,0,0,0.2531646,0,1.5189873,1.772152,0,0
2020-10-08 17:31:52,0,0,0,0,0,1.767677,1.5151515,0,0
2020-10-08 17:31:51,0,0,0,0,0,0.7556675,2.518892,0,0
2020-10-08 17:31:50,0,0,0,0.2512563,0,1.5075377,2.01005,0,0
2020-10-08 17:31:49,0,0,0,0,0,1.75,2.25,0,0
2020-10-08 17:31:48,0,0,0,0,0,1.2755102,2.040816,0,0.255102
2020-10-08 17:31:47,0,0,0,0,0,1.0152284,3.045685,0,0
2020-10-08 17:31:46,0,0,0,0,0,0.5025126,2.261307,0,0
2020-10-08 17:31:45,0,0,0,0,0,1.010101,2.525253,0,0
2020-10-08 17:31:44,0,0,0,0,0,1.2658228,2.025316,0,0
2020-10-08 17:31:43,0,0,0,0,0,1.741294,2.736318,0,0
2020-10-08 17:31:42,0,0,0,0,0,2.538071,2.284264,0,0.2538071
2020-10-08 17:31:41,0,0,0,0.2525253,0,4.79798,2.525253,0,0
2020-10-08 17:31:40,0,0,0,0,0,1.2594458,1.763224,0,0
2020-10-08 17:31:39,0,0,0,0,0,2.770781,0.7556675,0,0
2020-10-08 17:31:38,0,0,0,0,0,1.5267176,1.2722646,0,0
2020-10-08 17:31:37,0,0,0,0,0,1.5,2.75,0,0
2020-10-08 17:31:36,0,0,0,0,0,0.7633588,2.290076,0,0
2020-10-08 17:31:35,0,0,0,0,0,1.0126582,2.278481,0,0
2020-10-08 17:31:34,0,0,0,0,0,1.0050251,2.01005,0,0
2020-10-08 17:31:33,0,0,0,0,0,1.2594458,2.518892,0,0
2020-10-08 17:31:32,0,0,0,0,0,1.0126582,2.278481,0,0
2020-10-08 17:31:31,0,0,0,0,0,1.754386,1.754386,0,0
2020-10-08 17:31:30,0,0,0,0.7594937,0,4.556962,1.772152,0,0.2531646
2020-10-08 17:31:29,0,0,0,0.5089059,0,1.5267176,2.035623,0,0
2020-10-08 17:31:28,0,0,0,0.7594937,0,2.278481,2.025316,0,0
2020-10-08 17:31:27,0,0,0,0.25,0,3.75,3.25,0,0
2020-10-08 17:31:26,0,0,0,0.2518892,0,2.267003,2.267003,0,0
2020-10-08 17:31:25,0,0,0,0,0,2.020202,1.2626263,0,0
2020-10-08 17:31:24,0,0,0,0.2506266,0,1.2531328,1.5037594,0,0
2020-10-08 17:31:23,0,0,0,0,0,3.037975,1.2658228,0,0
2020-10-08 17:31:22,0,0,0,0.2538071,0,1.0152284,1.77665,0,0
2020-10-08 17:31:21,0,0,0,0,0,1.2406948,2.729529,0,0
2020-10-08 17:31:20,0,0,0,0,0,2.035623,1.78117,0,0
2020-10-08 17:31:19,0,0,0,0,0,0.7653061,2.55102,0,0
2020-10-08 17:31:18,0,0,0,0,0,2.025316,2.025316,0,0
2020-10-08 17:31:17,0,0,0,0,0,1.2820513,1.794872,0,0
2020-10-08 17:31:16,0,0,0,0,0,2.78481,2.278481,0,0
2020-10-08 17:31:15,0,0,0,0.2557545,0,3.069054,2.046036,0,0
2020-10-08 17:31:14,0,0,0,0.795756,0,6.896552,1.3262599,0,0
2020-10-08 17:31:13,0,0,0,0.7672634,0,6.138107,2.046036,0,0
2020-10-08 17:31:12,0,0,0,0,0,1.758794,2.01005,0,0
2020-10-08 17:31:11,0,0,0,0,0,1.0126582,2.025316,0,0
2020-10-08 17:31:10,0,0,0,0,0,0.7556675,1.763224,0,0
2020-10-08 17:31:09,0,0,0,0,0,1.77665,2.791878,0,0
2020-10-08 17:31:08,0,0,0,0,0,2.278481,2.025316,0,0
2020-10-08 17:31:07,0,0,0,0,0,1.4962594,2.244389,0,0.2493766
2020-10-08 17:31:06,0,0,0,0,0,0.5063291,2.531646,0,0
2020-10-08 17:31:05,0,0,0,0,0,2.518892,2.267003,0,0
2020-10-08 17:31:04,0,0,0,0,0,1.5075377,1.758794,0,0
2020-10-08 17:31:03,0,0,0,0,0,1.2658228,2.278481,0,0
2020-10-08 17:31:02,0,0,0,0,0,3.562341,1.5267176,0,0
2020-10-08 17:31:01,0,0,0,0.2493766,0,4.239401,3.740648,0,0.2493766
2020-10-08 17:31:00,0,0,0,0,0,2.777778,2.272727,0,0
2020-10-08 17:30:59,0,0,0,0.5050505,0,4.545455,2.272727,0,0
2020-10-08 17:30:58,0,0,0,0.2487562,0,1.4925373,2.238806,0,0
2020-10-08 17:30:57,0,0,0,0,0,1.2594458,2.770781,0,0
2020-10-08 17:30:56,0,0,0,0,0,0.75,3.75,0,0
2020-10-08 17:30:55,0,0,0,0,0,1.2531328,3.007519,0,0
2020-10-08 17:30:54,0,0,0,0.5037783,0,3.274559,1.763224,0,0
2020-10-08 17:30:53,0,0,0,0,0,2.525253,2.020202,0,0
2020-10-08 17:30:52,0,0,0,0.7556675,0,3.778338,1.763224,0,0
2020-10-08 17:30:51,0,0,0,0.2544529,0,5.089059,2.035623,0,0
2020-10-08 17:30:50,0,0,0,0,0,2.525253,1.5151515,0,0
2020-10-08 17:30:49,0,0,0,0,0,1.010101,2.272727,0,0
2020-10-08 17:30:48,0,0,0,0,0,0.9975062,2.743142,0,0
2020-10-08 17:30:47,0,0,0,0,0,1.5189873,1.2658228,0,0
2020-10-08 17:30:46,0,0,0,0,0,0.7614213,2.030457,0,0
2020-10-08 17:30:45,0,0,0,0,0,2.005013,2.005013,0,0
2020-10-08 17:30:44,0,0,0,0.2531646,0,1.772152,2.025316,0,0
2020-10-08 17:30:43,0,0,0,0,0,2.261307,1.5075377,0,0.2512563
2020-10-08 17:30:42,0,0,0,0,0,1.2594458,2.015113,0,0
2020-10-08 17:30:41,0,0,0,0,0,1.4962594,2.493766,0,0
2020-10-08 17:30:40,0,0,0,0,0,1.5151515,1.767677,0,0
2020-10-08 17:30:39,0,0,0,0,0,0.7614213,2.284264,0,0
2020-10-08 17:30:38,0,0,0,0,0,1.4962594,2.493766,0,0
2020-10-08 17:30:37,0,0,0,0,0,1.010101,2.777778,0,0
2020-10-08 17:30:36,0,0,0,0,0,1.763224,1.2594458,0,0
2020-10-08 17:30:35,0,0,0,0,0,1.0075567,2.518892,0,0
2020-10-08 17:30:34,0,0,0,0,0,1.754386,2.506266,0,0
2020-10-08 17:30:33,0,0,0,0,0,1.5189873,1.772152,0,0
2020-10-08 17:30:32,0,0,0,0,0,1.772152,1.5189873,0,0.2531646
2020-10-08 17:30:31,0,0,0,0,0,1.0025063,2.255639,0,0
2020-10-08 17:30:30,0,0,0,0,0,1.5228426,1.5228426,0,0
2020-10-08 17:30:29,0,0,0,0,0,1.2562814,2.512563,0,0
2020-10-08 17:30:28,0,0,0,0,0,2.020202,1.010101,0,0
2020-10-08 17:30:27,0,0,0,0.2544529,0,4.580153,3.816794,0,0
2020-10-08 17:30:26,0,0,0,0,0,1.767677,3.535354,0,0
2020-10-08 17:30:25,0,0,0,0,0,1.2626263,1.2626263,0,0
2020-10-08 17:30:24,0,0,0,0,0,3.02267,3.526448,0,0
2020-10-08 17:30:23,0,0,0,0,0,3.526448,1.511335,0,0
2020-10-08 17:30:22,0,0,0,0,0,1.2562814,2.01005,0,0
2020-10-08 17:30:21,0,0,0,0,0,1.763224,1.763224,0,0
2020-10-08 17:30:20,0,0,0,0,0,1.77665,2.538071,0,0
2020-10-08 17:30:19,0,0,0,0,0,2.020202,1.767677,0,0
2020-10-08 17:30:18,0,0,0,0,0,2.035623,2.035623,0,0
2020-10-08 17:30:17,0,0,0,0,0,1.0152284,2.791878,0,0
2020-10-08 17:30:16,0,0,0,0,0,0.7594937,2.531646,0,0
2020-10-08 17:30:15,0,0,0,0,0,1.5228426,2.538071,0,0
2020-10-08 17:30:14,0,0,0,0,0,0.7556675,3.778338,0,0.2518892
2020-10-08 17:30:13,0,0,0,0,0,2.255639,1.754386,0,0
2020-10-08 17:30:12,0,0,0,0,0,1.2594458,2.267003,0,0
2020-10-08 17:30:11,0,0,0,0,0,1.2562814,2.261307,0,0
2020-10-08 17:30:10,0,0,0,0,0,1.77665,1.0152284,0,0
2020-10-08 17:30:09,0,0,0,0,0,2.244389,1.2468828,0,0
2020-10-08 17:30:08,0,0,0,0,0,1.5189873,2.025316,0,0
2020-10-08 17:30:07,0,0,0,0,0,1.2531328,2.005013,0,0
2020-10-08 17:30:06,0,0,0,0,0,1.5228426,1.5228426,0,0
2020-10-08 17:30:05,0,0,0,0.2518892,0,1.2594458,2.518892,0,0
2020-10-08 17:30:04,0,0,0,0,0,1.2562814,1.758794,0,0
2020-10-08 17:30:03,0,0,0,0,0,1.5189873,2.531646,0,0
2020-10-08 17:30:02,0,0,0,0,0,1.5,2,0,0.25
2020-10-08 17:30:01,0,0,0,0,0,1.772152,2.531646,0,0
2020-10-08 17:30:00,0,0,0,0,0,0.7594937,2.278481,0,0
2020-10-08 17:29:59,0,0,0,0,0,1.2562814,1.5075377,0,0
2020-10-08 17:29:58,0,0,0,0,0,2.020202,1.5151515,0,0
2020-10-08 17:29:57,0,0,0,0,0,1.0126582,2.78481,0,0
2020-10-08 17:29:56,0,0,0,0,0,1.0075567,2.015113,0,0
2020-10-08 17:29:55,0,0,0,0,0,1.511335,2.267003,0,0
2020-10-08 17:29:54,0,0,0,0,0,2.015113,3.778338,0,0
2020-10-08 17:29:53,0,0,0,0,0,1.25,3.25,0,0
2020-10-08 17:29:52,0,0,0,0,0,1.2658228,1.772152,0,0
2020-10-08 17:29:51,0,0,0,0,0,1.5189873,1.772152,0,0
2020-10-08 17:29:50,0,0,0,0,0,0.5,2.75,0,0
2020-10-08 17:29:49,0,0,0,0,0,1.010101,2.525253,0,0
2020-10-08 17:29:48,0,0,0,0,0,1.772152,1.5189873,0,0
2020-10-08 17:29:47,0,0,0,0,0,0.7556675,2.267003,0,0
2020-10-08 17:29:46,0,0,0,0,0,1.0126582,2.025316,0,0
2020-10-08 17:29:45,0,0,0,0,0,0.7556675,2.770781,0,0.2518892
2020-10-08 17:29:44,0,0,0,0,0,1.0126582,1.772152,0,0
2020-10-08 17:29:43,0,0,0,0,0,1.5075377,2.261307,0,0
2020-10-08 17:29:42,0,0,0,0,0,2.025316,2.278481,0,0
2020-10-08 17:29:41,0,0,0,0,0,1.4851485,2.970297,0,0.2475248
2020-10-08 17:29:40,0,0,0,0,0,2.030457,1.5228426,0,0
2020-10-08 17:29:39,0,0,0,0,0,2.015113,2.015113,0,0
2020-10-08 17:29:38,0,0,0,0,0,2.005013,2.756892,0,0
2020-10-08 17:29:37,0,0,0,0,0,3.535354,1.2626263,0,0
2020-10-08 17:29:36,0,0,0,0,0,1.010101,2.020202,0,0
2020-10-08 17:29:35,0,0,0,0,0,1.511335,2.267003,0,0
2020-10-08 17:29:34,0,0,0,0,0,1.5075377,1.758794,0,0.2512563
2020-10-08 17:29:33,0,0,0,0,0,2.025316,1.0126582,0,0
2020-10-08 17:29:32,0,0,0,0,0,2.01005,2.512563,0,0
2020-10-08 17:29:31,0,0,0,0,0,1.5037594,2.506266,0,0
2020-10-08 17:29:30,0,0,0,0,0,1.763224,2.015113,0,0
2020-10-08 17:29:29,0,0,0,0,0,1.2562814,1.758794,0,0
2020-10-08 17:29:28,0,0,0,0.2525253,0,2.272727,1.2626263,0,0
2020-10-08 17:29:27,0,0,0,0,0,1.5228426,2.030457,0,0
2020-10-08 17:29:26,0,0,0,0,0,2.255639,1.0025063,0,0
2020-10-08 17:29:25,0,0,0,0,0,1.2626263,2.272727,0,0
2020-10-08 17:29:24,0,0,0,0.2531646,0,1.5189873,1.772152,0,0
2020-10-08 17:29:23,0,0,0,0,0,1.745636,2.244389,0,0
2020-10-08 17:29:22,0,0,0,0,0,3.282828,1.5151515,0,0.2525253
2020-10-08 17:29:21,0,0,0,0,0,1.511335,2.518892,0,0
2020-10-08 17:29:20,0,0,0,0,0,2.040816,1.785714,0,0
2020-10-08 17:29:19,0,0,0,0,0,0.7672634,2.557545,0,0
2020-10-08 17:29:18,0,0,0,0,0,1.5189873,2.78481,0,0
2020-10-08 17:29:17,0,0,0,0,0,3.768844,3.266332,0,6.281407
2020-10-08 17:29:16,0,0,0,0,0,1.5503876,2.325581,0,2.325581
2020-10-08 17:29:15,0,0,0,0,0,1.2658228,2.278481,0,1.0126582
2020-10-08 17:29:14,0,0,0,0,0,1.2690355,2.030457,0,0
2020-10-08 17:29:13,0,0,0,0,0,2.025316,1.5189873,0,0
2020-10-08 17:29:12,0,0,0,0,0,1.5189873,1.772152,0,0
2020-10-08 17:29:11,0,0,0,0,0,0.7556675,2.267003,0,0
2020-10-08 17:29:10,0,0,0,0,0,1.0126582,2.78481,0,0
2020-10-08 17:29:09,0,0,0,0,0,1.5151515,2.020202,0,0
2020-10-08 17:29:08,0,0,0,0,0,1.2562814,2.261307,0,0
2020-10-08 17:29:07,0,0,0,0.2512563,0,1.0050251,2.512563,0,0
2020-10-08 17:29:06,0,0,0,0,0,1.754386,1.754386,0,0
2020-10-08 17:29:05,0,0,0,0,0,2.272727,1.767677,0,0
2020-10-08 17:29:04,0,0,0,0,0,1.2531328,2.255639,0,0
2020-10-08 17:29:03,0,0,0,0,0,2.01005,2.01005,0,0
2020-10-08 17:29:02,0,0,0,0,0,2.255639,1.2531328,0,0
2020-10-08 17:29:01,0,0,0,0,0,2.278481,1.5189873,0,0
2020-10-08 17:29:00,0,0,0,0,0,1.2626263,2.272727,0,0
2020-10-08 17:28:59,0,0,0,0,0,1.758794,2.01005,0,0.2512563
2020-10-08 17:28:58,0,0,0,0,0,2.512563,1.5075377,0,0
2020-10-08 17:28:57,0,0,0,0.2512563,0,2.01005,1.5075377,0,0
2020-10-08 17:28:56,0,0,0,0,0,1.511335,2.015113,0,0
2020-10-08 17:28:55,0,0,0,0,0,1.5037594,2.255639,0,0
2020-10-08 17:28:54,0,0,0,0,0,1.511335,2.267003,0,0
2020-10-08 17:28:53,0,0,0,0,0,2.244389,2.244389,0,0
2020-10-08 17:28:52,0,0,0,0,0,1.010101,2.777778,0,0
2020-10-08 17:28:51,0,0,0,0,0,1.758794,2.01005,0,0
2020-10-08 17:28:50,0,0,0,0,0,2.770781,2.518892,0,0
2020-10-08 17:28:49,0,0,0,0,0,1.0025063,3.007519,0,0
2020-10-08 17:28:48,0,0,0,0,0,1.78117,1.78117,0,0
2020-10-08 17:28:47,0,0,0,0.25,0,2.25,1.25,0,0
2020-10-08 17:28:46,0,0,0,0,0,1.2626263,2.020202,0,0
2020-10-08 17:28:45,0,0,0,0,0,2.261307,1.0050251,0,0
2020-10-08 17:28:44,0,0,0,0,0,1.2690355,2.284264,0,0
2020-10-08 17:28:43,0,0,0,0,0,2,2,0,0
2020-10-08 17:28:42,0,0,0,0,0,1.772152,1.2658228,0,0.2531646
2020-10-08 17:28:41,0,0,0,0,0,1.754386,1.5037594,0,0
2020-10-08 17:28:40,0,0,0,0,0,1.2690355,2.030457,0,0
2020-10-08 17:28:39,0,0,0,0,0,0.7556675,3.526448,0,0
2020-10-08 17:28:38,0,0,0,0,0,2.267003,1.2594458,0,0
2020-10-08 17:28:37,0,0,0,0,0,1.5189873,1.772152,0,0
2020-10-08 17:28:36,0,0,0,0,0,1.2562814,2.01005,0,0
2020-10-08 17:28:35,0,0,0,0,0,2.01005,2.01005,0,0
2020-10-08 17:28:34,0,0,0,0,0,1.2562814,2.01005,0,0
2020-10-08 17:28:33,0,0,0,0,0,1.2594458,2.267003,0,0
2020-10-08 17:28:32,0,0,0,0.2518892,0,1.511335,1.511335,0,0
2020-10-08 17:28:31,0,0,0,0,0,1.5189873,1.772152,0,0
2020-10-08 17:28:30,0,0,0,0.2506266,0,1.5037594,1.5037594,0,0
2020-10-08 17:28:29,0,0,0,0,0,2.01005,2.01005,0,0
2020-10-08 17:28:28,0,0,0,0,0,2,2.5,0,0
2020-10-08 17:28:27,0,0,0,0,0,1.5075377,2.261307,0,0.2512563
2020-10-08 17:28:26,0,0,0,0,0,1.2594458,2.015113,0,0
2020-10-08 17:28:25,0,0,0,0,0,1.772152,1.0126582,0,0
2020-10-08 17:28:24,0,0,0,0,0,2.255639,0.7518797,0,0
2020-10-08 17:28:23,0,0,0,0,0,2.770781,1.2594458,0,0
2020-10-08 17:28:22,0,0,0,0.2512563,0,1.5075377,2.261307,0,0
2020-10-08 17:28:21,0,0,0,0,0,2.267003,1.2594458,0,0
2020-10-08 17:28:20,0,0,0,0,0,2.020202,1.767677,0,0
2020-10-08 17:28:19,0,0,0,0.255102,0,1.785714,1.785714,0,0
2020-10-08 17:28:18,0,0,0,0,0,2.278481,2.025316,0,0
2020-10-08 17:28:17,0,0,0,0,0,2.030457,2.030457,0,0
2020-10-08 17:28:16,0,0,0,0,0,1.2690355,2.284264,0,0
2020-10-08 17:28:15,0,0,0,0.2544529,0,2.035623,1.2722646,0,0
2020-10-08 17:28:14,0,0,0,0,0,1.2658228,2.025316,0,0
2020-10-08 17:28:13,0,0,0,0,0,1.763224,2.267003,0,0
2020-10-08 17:28:12,0,0,0,0,0,1.2594458,1.763224,0,0
2020-10-08 17:28:11,0,0,0,0,0,1.2658228,1.772152,0,0
2020-10-08 17:28:10,0,0,0,0,0,1.5075377,1.758794,0,0
2020-10-08 17:28:09,0,0,0,0,0,1.5151515,2.020202,0,0
2020-10-08 17:28:08,0,0,0,0,0,1.754386,2.506266,0,0
2020-10-08 17:28:07,0,0,0,0,0,1.2562814,2.512563,0,0
2020-10-08 17:28:06,0,0,0,0,0,0.7537688,2.512563,0,0
2020-10-08 17:28:05,0,0,0,0,0,0.7594937,2.025316,0,0
2020-10-08 17:28:04,0,0,0,0,0,1.758794,3.015075,0,0
2020-10-08 17:28:03,0,0,0,0,0,2.531646,2.278481,0,0
2020-10-08 17:28:02,0,0,0,0,0,1.511335,1.511335,0,0
2020-10-08 17:28:01,0,0,0,0,0,3.015075,1.5075377,0,0.2512563
2020-10-08 17:28:00,0,0,0,0,0,1.754386,1.754386,0,0
2020-10-08 17:27:59,0,0,0,0,0,1.5151515,1.5151515,0,0
2020-10-08 17:27:58,0,0,0,0,0,1.77665,1.77665,0,0
2020-10-08 17:27:57,0,0,0,0.4987531,0,1.4962594,2.992519,0,0.2493766
2020-10-08 17:27:56,0,0,0,0,0,1.5037594,2.005013,0,0
2020-10-08 17:27:55,0,0,0,0,0,2.518892,3.274559,0,0
2020-10-08 17:27:54,0,0,0,0,0,2.01005,1.0050251,0,0
2020-10-08 17:27:53,0,0,0,0,0,2.025316,1.2658228,0,0
2020-10-08 17:27:52,0,0,0,0,0,1.511335,2.015113,0,0
2020-10-08 17:27:51,0,0,0,0,0,1.2594458,1.763224,0,0
2020-10-08 17:27:50,0,0,0,0,0,1.0126582,2.278481,0,0
2020-10-08 17:27:49,0,0,0,0,0,1.2594458,1.511335,0,0
2020-10-08 17:27:48,0,0,0,0,0,1.5151515,2.272727,0,0
2020-10-08 17:27:47,0,0,0,0,0,2.493766,1.995012,0,0
2020-10-08 17:27:46,0,0,0,0,0,1.772152,1.5189873,0,0
2020-10-08 17:27:45,0,0,0,0,0,0.9975062,2.493766,0,0
2020-10-08 17:27:44,0,0,0,0,0,1.767677,1.767677,0,0
2020-10-08 17:27:43,0,0,0,0,0,2.238806,1.99005,0,0.2487562
2020-10-08 17:27:42,0,0,0,0,0,2.015113,1.511335,0,0
2020-10-08 17:27:41,0,0,0,0,0,1.2531328,2.005013,0,0
2020-10-08 17:27:40,0,0,0,0,0,1.5151515,1.767677,0,0
2020-10-08 17:27:39,0,0,0,0,0,2.01005,1.2562814,0,0
2020-10-08 17:27:38,0,0,0,0,0,1.767677,1.767677,0,0
2020-10-08 17:27:37,0,0,0,0,0,1.758794,1.0050251,0,0
2020-10-08 17:27:36,0,0,0,0,0,0.7614213,3.045685,0,0
2020-10-08 17:27:35,0,0,0,0,0,1.2468828,2.743142,0,0
2020-10-08 17:27:34,0,0,0,0,0,1.5151515,1.767677,0,0
2020-10-08 17:27:33,0,0,0,0,0,2.985075,1.741294,0,0
2020-10-08 17:27:32,0,0,0,0.2531646,0,1.0126582,1.772152,0,0
2020-10-08 17:27:31,0,0,0,0,0,1.2594458,1.511335,0,0
2020-10-08 17:27:30,0,0,0,0,0,1.0152284,2.030457,0,0
2020-10-08 17:27:29,0,0,0,0,0,1.0178117,1.78117,0,0
2020-10-08 17:27:28,0,0,0,0,0,1.5037594,1.754386,0,0
2020-10-08 17:27:27,0,0,0,0,0,1.010101,2.272727,0,0
2020-10-08 17:27:26,0,0,0,0,0,1.772152,2.025316,0,0
2020-10-08 17:27:25,0,0,0,0,0,0.7556675,2.015113,0,0
2020-10-08 17:27:24,0,0,0,0,0,1.2690355,2.030457,0,0
2020-10-08 17:27:23,0,0,0,0,0,2.267003,2.015113,0,0
2020-10-08 17:27:22,0,0,0,0,0,1.5075377,2.512563,0,0
2020-10-08 17:27:21,0,0,0,0,0,0.9950249,3.233831,0,0
2020-10-08 17:27:20,0,0,0,0,0,2.806122,2.55102,0,0
2020-10-08 17:27:19,0,0,0,0.2525253,0,2.777778,1.767677,0,0.2525253
2020-10-08 17:27:18,0,0,0,0,0,1.2820513,2.051282,0,0
2020-10-08 17:27:17,0,0,0,0.2525253,0,1.5151515,1.767677,0,0
2020-10-08 17:27:16,0,0,0,0,0,1.785714,1.785714,0,0
2020-10-08 17:27:15,0,0,0,0,0,1.78117,2.035623,0,0
2020-10-08 17:27:14,0,0,0,0,0,0.5102041,2.295918,0,0
2020-10-08 17:27:13,0,0,0,0,0,1.77665,2.030457,0,0
2020-10-08 17:27:12,0,0,0,0,0,1.5,2,0,0
2020-10-08 17:27:11,0,0,0,0,0,1.767677,1.767677,0,0
2020-10-08 17:27:10,0,0,0,0,0,2.01005,1.5075377,0,0
2020-10-08 17:27:09,0,0,0,0,0,1.0178117,2.035623,0,0
2020-10-08 17:27:08,0,0,0,0,0,1.0050251,2.261307,0,0
2020-10-08 17:27:07,0,0,0,0,0,1.0126582,2.278481,0,0
2020-10-08 17:27:06,0,0,0,0,0,0.7537688,2.01005,0,0
2020-10-08 17:27:05,0,0,0,0,0,1.5189873,1.772152,0,0
2020-10-08 17:27:04,0,0,0,0,0,1.25,2.75,0,0
2020-10-08 17:27:03,0,0,0,0,0,1.763224,2.518892,0,0
2020-10-08 17:27:02,0,0,0,0,0,1.2531328,2.255639,0,0
2020-10-08 17:27:01,0,0,0,0,0,2.015113,2.267003,0,0
2020-10-08 17:27:00,0,0,0,0,0,1.763224,1.2594458,0,0
2020-10-08 17:26:59,0,0,0,0,0,1.5075377,2.261307,0,0
2020-10-08 17:26:58,0,0,0,0,0,1.511335,1.763224,0,0
2020-10-08 17:26:57,0,0,0,0,0,2.020202,1.767677,0,0
2020-10-08 17:26:56,0,0,0,0,0,2.25,1.25,0,0.25
2020-10-08 17:26:55,0,0,0,0,0,1.754386,2.255639,0,0
2020-10-08 17:26:54,0,0,0,0,0,1.2690355,1.5228426,0,0
2020-10-08 17:26:53,0,0,0,0,0,1.2468828,3.491272,0,0
2020-10-08 17:26:52,0,0,0,0,0,1.2626263,2.272727,0,0
2020-10-08 17:26:51,0,0,0,0,0,2.005013,1.2531328,0,0
2020-10-08 17:26:50,0,0,0,0,0,1.0178117,2.035623,0,0
2020-10-08 17:26:49,0,0,0,0,0,1.0050251,2.01005,0,0
2020-10-08 17:26:48,0,0,0,0.2538071,0,1.77665,1.5228426,0,0
2020-10-08 17:26:47,0,0,0,0,0,1.0075567,2.267003,0,0
2020-10-08 17:26:46,0,0,0,0,0,1.2531328,2.255639,0,0
2020-10-08 17:26:45,0,0,0,0,0,1.2626263,2.272727,0,0
2020-10-08 17:26:44,0,0,0,0,0,1.2594458,1.763224,0,0
2020-10-08 17:26:43,0,0,0,0,0,2.267003,1.763224,0,0
2020-10-08 17:26:42,0,0,0,0,0,2.261307,1.758794,0,0
2020-10-08 17:26:41,0,0,0,0,0,1.511335,1.511335,0,0
2020-10-08 17:26:40,0,0,0,0,0,1.2658228,1.772152,0,0
2020-10-08 17:26:39,0,0,0,0,0,1.511335,1.511335,0,0
2020-10-08 17:26:38,0,0,0,0,0,2.025316,1.2658228,0,0.2531646
2020-10-08 17:26:37,0,0,0,0,0,1.0075567,2.015113,0,0
2020-10-08 17:26:36,0,0,0,0,0,1.5189873,1.772152,0,0
2020-10-08 17:26:35,0,0,0,0,0,2.518892,2.015113,0,0
2020-10-08 17:26:34,0,0,0,0,0,3.030303,1.767677,0,0
2020-10-08 17:26:33,0,0,0,0.25,0,1.75,1.75,0,0
2020-10-08 17:26:32,0,0,0,0,0,2.261307,1.758794,0,0
2020-10-08 17:26:31,0,0,0,0,0,1.763224,2.267003,0,0
2020-10-08 17:26:30,0,0,0,0,0,1.0075567,2.518892,0,0
2020-10-08 17:26:29,0,0,0,0.2518892,0,1.2594458,1.511335,0,0
2020-10-08 17:26:28,0,0,0,0,0,2.005013,1.5037594,0,0
2020-10-08 17:26:27,0,0,0,0,0,1.5151515,1.767677,0,0
2020-10-08 17:26:26,0,0,0,0,0,1.511335,1.511335,0,0
2020-10-08 17:26:25,0,0,0,0,0,1.2658228,2.025316,0,0
2020-10-08 17:26:24,0,0,0,0,0,1.5037594,2.005013,0,0
2020-10-08 17:26:23,0,0,0,0.2512563,0,3.266332,1.758794,0,0
2020-10-08 17:26:22,0,0,0,0,0,1.5075377,1.758794,0,0
2020-10-08 17:26:21,0,0,0,0,0,1.5267176,1.5267176,0,0
2020-10-08 17:26:20,0,0,0,0,0,1.77665,2.538071,0,0.2538071
2020-10-08 17:26:19,0,0,0,0,0,1.0230179,2.046036,0,0
2020-10-08 17:26:18,0,0,0,0,0,1.0204082,1.785714,0,0
2020-10-08 17:26:17,0,0,0,0,0,1.2755102,2.295918,0,0
2020-10-08 17:26:16,0,0,0,0.2538071,0,1.2690355,1.77665,0,0
2020-10-08 17:26:15,0,0,0,0,0,2.035623,1.78117,0,0
2020-10-08 17:26:14,0,0,0,0,0,0.7594937,2.025316,0,0
2020-10-08 17:26:13,0,0,0,0,0,2.284264,1.5228426,0,0
2020-10-08 17:26:12,0,0,0,0,0,1.0075567,2.015113,0,0
2020-10-08 17:26:11,0,0,0,0,0,1.2594458,2.518892,0,0.5037783
2020-10-08 17:26:10,0,0,0,0,0,0.5063291,2.531646,0,0
2020-10-08 17:26:09,0,0,0,0,0,1.0126582,2.531646,0,0
2020-10-08 17:26:08,0,0,0,0,0,2.806122,1.5306122,0,0
2020-10-08 17:26:07,0,0,0,0,0,1,2.75,0,0
2020-10-08 17:26:06,0,0,0,0,0,0.7653061,1.5306122,0,0
2020-10-08 17:26:05,0,0,0,0,0,1.745636,1.995012,0,0
2020-10-08 17:26:04,0,0,0,0,0,1.2626263,2.020202,0,0
2020-10-08 17:26:03,0,0,0,0,0,2.267003,1.2594458,0,0
2020-10-08 17:26:02,0,0,0,0,0,1.2531328,2.255639,0,0
2020-10-08 17:26:01,0,0,0,0,0,2.770781,1.763224,0,0
2020-10-08 17:26:00,0,0,0,0,0,1.0126582,1.772152,0,0
2020-10-08 17:25:59,0,0,0,0,0,2.015113,2.267003,0,0
2020-10-08 17:25:58,0,0,0,0,0,0.7556675,2.267003,0,0
2020-10-08 17:25:57,0,0,0,0,0,1.2787724,1.790281,0,0
2020-10-08 17:25:56,0,0,0,0,0,2.020202,2.525253,0,0
2020-10-08 17:25:55,0,0,0,0,0,1.763224,2.015113,0,0
2020-10-08 17:25:54,0,0,0,0,0,2.005013,1.5037594,0,0
2020-10-08 17:25:53,0,0,0,0,0,1.5189873,2.025316,0,0
2020-10-08 17:25:52,0,0,0,0,0,2.005013,1.754386,0,0
2020-10-08 17:25:51,0,0,0,0,0,1.0050251,2.01005,0,0.2512563
2020-10-08 17:25:50,0,0,0,0,0,1.5189873,1.5189873,0,0
2020-10-08 17:25:49,0,0,0,0,0,1.2626263,2.272727,0,0
2020-10-08 17:25:48,0,0,0,0,0,2.025316,1.772152,0,0
2020-10-08 17:25:47,0,0,0,0,0,4.030227,2.015113,0,0
2020-10-08 17:25:46,0,0,0,0,0,0.7575758,2.777778,0,0
2020-10-08 17:25:45,0,0,0,0,0,0.7537688,2.763819,0,0
2020-10-08 17:25:44,0,0,0,0,0,1.763224,1.2594458,0,0
2020-10-08 17:25:43,0,0,0,0,0,2.255639,2.506266,0,0
2020-10-08 17:25:42,0,0,0,0,0,1.75,2,0,0
2020-10-08 17:25:41,0,0,0,0,0,1.763224,2.015113,0,0
2020-10-08 17:25:40,0,0,0,0,0,1.5075377,2.01005,0,0
2020-10-08 17:25:39,0,0,0,0,0,1.2594458,1.511335,0,0
2020-10-08 17:25:38,0,0,0,0,0,1.5189873,2.531646,0,0
2020-10-08 17:25:37,0,0,0,0,0,1.2562814,2.261307,0,0
2020-10-08 17:25:36,0,0,0,0,0,1.5189873,1.5189873,0,0
2020-10-08 17:25:35,0,0,0,0,0,1.2531328,2.506266,0,0
2020-10-08 17:25:34,0,0,0,0,0,1.5,1.75,0,0.25
2020-10-08 17:25:33,0,0,0,0,0,1.511335,2.518892,0,0
2020-10-08 17:25:32,0,0,0,0,0,1.5151515,1.2626263,0,0
2020-10-08 17:25:31,0,0,0,0,0,1.5151515,2.272727,0,0
2020-10-08 17:25:30,0,0,0,0,0,1.2562814,2.01005,0,0
2020-10-08 17:25:29,0,0,0,0,0,2.005013,1.5037594,0,0
2020-10-08 17:25:28,0,0,0,0.2531646,0,1.5189873,2.78481,0,0
2020-10-08 17:25:27,0,0,0,0,0,1.0075567,2.267003,0,0
2020-10-08 17:25:26,0,0,0,0,0,1.0178117,1.78117,0,0
2020-10-08 17:25:25,0,0,0,0,0,1.758794,1.5075377,0,0
2020-10-08 17:25:24,0,0,0,0,0,1.2690355,1.77665,0,0
2020-10-08 17:25:23,0,0,0,0,0,2.267003,1.763224,0,0
2020-10-08 17:25:22,0,0,0,0,0,1.2658228,2.025316,0,0
2020-10-08 17:25:21,0,0,0,0,0,1.0126582,1.772152,0,0
2020-10-08 17:25:20,0,0,0,0,0,1.0126582,2.531646,0,0
2020-10-08 17:25:19,0,0,0,0,0,1.2755102,2.295918,0,0
2020-10-08 17:25:18,0,0,0,0.2531646,0,2.025316,2.531646,0,0
2020-10-08 17:25:17,0,0,0,0,0,1.767677,2.272727,0,0.2525253
2020-10-08 17:25:16,0,0,0,0,0,1.2658228,2.025316,0,0
2020-10-08 17:25:15,0,0,0,0,0,2.284264,1.5228426,0,0
2020-10-08 17:25:14,0,0,0,0,0,2.020202,1.767677,0,0
2020-10-08 17:25:13,0,0,0,0,0,2.743142,1.995012,0,0
2020-10-08 17:25:12,0,0,0,0,0,1.511335,1.511335,0,0
2020-10-08 17:25:11,0,0,0,0,0,1.0126582,2.278481,0,0
2020-10-08 17:25:10,0,0,0,0,0,1.511335,2.015113,0,0
2020-10-08 17:25:09,0,0,0,0,0,1.2626263,2.020202,0,0
2020-10-08 17:25:08,0,0,0,0,0,1.2658228,1.772152,0,0
2020-10-08 17:25:07,0,0,0,0,0,1.2594458,3.02267,0,0
2020-10-08 17:25:06,0,0,0,0,0,1.511335,1.511335,0,0
2020-10-08 17:25:05,0,0,0,0,0,1.0126582,2.025316,0,0
2020-10-08 17:25:04,0,0,0,0,0,1.758794,2.01005,0,0
2020-10-08 17:25:03,0,0,0,0,0,2.020202,1.5151515,0,0
2020-10-08 17:25:02,0,0,0,0,0,1.2658228,1.5189873,0,0
2020-10-08 17:25:01,0,0,0,0,0,2.020202,2.020202,0,0
2020-10-08 17:25:00,0,0,0,0,0,1.2690355,2.030457,0,0
2020-10-08 17:24:59,0,0,0,0,0,2.040816,2.295918,0,0
2020-10-08 17:24:58,0,0,0,0,0,1.511335,2.015113,0,0
2020-10-08 17:24:57,0,0,0,0,0,0.7633588,2.290076,0,0
2020-10-08 17:24:56,0,0,0,0,0,1.758794,2.512563,0,0
2020-10-08 17:24:55,0,0,0,0,0,0.7537688,2.261307,0,0
2020-10-08 17:24:54,0,0,0,0,0,1.5075377,2.261307,0,0
2020-10-08 17:24:53,0,0,0,0,0,1.2594458,2.015113,0,0
2020-10-08 17:24:52,0,0,0,0,0,1.0152284,2.030457,0,0
2020-10-08 17:24:51,0,0,0,0,0,1.758794,1.758794,0,0
2020-10-08 17:24:50,0,0,0,0,0,2.255639,1.2531328,0,0.2506266
2020-10-08 17:24:49,0,0,0,0,0,1.2531328,2.756892,0,0
2020-10-08 17:24:48,0,0,0,0,0,1.511335,1.763224,0,0
